timestamp_issued,response_id,sample_index,model,tag,kserve,latency_ns,latency_ms
1770998113.6362734,2124691203040,138,mnist,,True,21057236599,21057.23659999785
1770998113.9388137,2124691204048,97,mnist,,True,21050585799,21050.585799996043
1770998114.5598295,2124691204096,394,mnist,,True,21051041400,21051.04140000185
1770998115.2105951,2124691203088,117,mnist,,True,21050007300,21050.00730000029
1770998115.8339021,2124691204768,63,mnist,,True,21031759000,21031.759000004968
1770998116.1625607,2124691203616,369,mnist,,True,21061359600,21061.359600003925
1770998116.333201,2124691204144,346,mnist,,True,21045238999,21045.23899999913
1770998116.4426303,2124691204192,266,mnist,,True,21060247499,21060.24749999051
1770998116.4586596,2124691204240,25,mnist,,True,21076014699,21076.01469999645
1770998116.5675166,2124691203520,263,mnist,,True,21043699000,21043.699000001652
1770998116.7842624,2124691204912,44,mnist,,True,21027213900,21027.21390000079
1770998117.3452444,2124691203136,367,mnist,,True,21044055100,21044.055100006517
1770998117.5614955,2124691203232,484,mnist,,True,21029979400,21029.97940000205
1770998117.7326396,2124691203424,68,mnist,,True,21028803199,21028.80319999531
1770998118.3399875,2124691204528,467,mnist,,True,21041675400,21041.67540000344
1770998118.4645793,2124691203664,434,mnist,,True,21040839099,21040.839099994628
1770998118.8222628,2124691202272,37,mnist,,True,21038268899,21038.268899996183
1770998139.9405556,2124692980160,138,mnist,,True,21038544899,21038.544899987755
1770998140.0451548,2124692980256,97,mnist,,True,21028033900,21028.0339000019
1770998140.2327101,2124692979392,394,mnist,,True,21030049599,21030.049599998165
1770998140.4190173,2124692977568,117,mnist,,True,21042360800,21042.36080001283
1770998140.6062362,2124692978480,63,mnist,,True,21028395600,21028.39560000575
1770998140.7120402,2124692977904,369,mnist,,True,21045799900,21045.799900006386
1770998140.7606318,2124692979776,346,mnist,,True,21028571300,21028.57130000484
1770998140.7894757,2124692978768,266,mnist,,True,21046988700,21046.988700007205
1770998140.7914782,2124692979824,25,mnist,,True,21045186299,21045.186299990746
1770998140.8203578,2124692979968,263,mnist,,True,21047299500,21047.299500001827
1770998140.8977695,2124692979008,44,mnist,,True,21063034399,21063.03439999465
1770998141.0649164,2124692979632,367,mnist,,True,21035738399,21035.738399994443
1770998141.1280417,2124692977616,484,mnist,,True,21051033100,21051.03310001141
1770998141.1748228,2124692977712,68,mnist,,True,21050836399,21050.836399997934
1770998141.3607407,2124692978192,467,mnist,,True,21052721899,21052.72189999232
1770998141.3910131,2124692979104,434,mnist,,True,21053192200,21053.192200008198
1770998141.4990318,2124692978816,37,mnist,,True,21038793999,21038.793999992777
1770998141.5449116,2124692979728,403,mnist,,True,21039487300,21039.48730000411
1770998141.871789,2124692978336,367,mnist,,True,21039543000,21039.543000006233
1770998141.8689268,2124692980016,76,mnist,,True,21057602300,21057.602300003055
1770998142.0858266,2124692978384,182,mnist,,True,21042983200,21042.983200008166
1770998142.1491287,2124692978672,120,mnist,,True,21040923699,21040.92369999853
1770998142.3036695,2124692979056,455,mnist,,True,21043176699,21043.176699997275
1770998142.3790054,2124692981456,51,mnist,,True,21059146499,21059.146499988856
1770998142.4880788,2124692981216,296,mnist,,True,21027815100,21027.81510000932
1770998142.629156,2124692981072,309,mnist,,True,21029461400,21029.46140000131
1770998142.7079902,2124692980880,69,mnist,,True,21026856399,21026.856399999815
1770998142.7863228,2124692982272,407,mnist,,True,21027824399,21027.824399992824
1770998142.928707,2124692982704,390,mnist,,True,21040761899,21040.761899988865
1770998142.94367,2124692983136,192,mnist,,True,21040047299,21040.047299989965
1770998143.0066245,2124692982224,288,mnist,,True,21039285899,21039.285899998504
1770998143.0220687,2124692983328,180,mnist,,True,21040372300,21040.3723000054
1770998143.1609547,2124692980640,46,mnist,,True,21041753700,21041.753700003028
1770998143.1753097,2124692981504,140,mnist,,True,21057497000,21057.497000001604
1770998143.1914191,2124692981744,268,mnist,,True,21042122600,21042.122600003495
1770998143.2377186,2124692983232,87,mnist,,True,21042527699,21042.52769998857
1770998143.2540195,2124692982752,142,mnist,,True,21042940699,21042.94069999014
1770998143.2838936,2124692980688,416,mnist,,True,21058368800,21058.368800004246
1770998143.3310313,2124692982896,87,mnist,,True,21043304100,21043.304100006935
1770998143.5622642,2124692983184,472,mnist,,True,21044052400,21044.05240000051
1770998143.6228554,2124692981840,237,mnist,,True,21046543799,21046.54379999556
1770998143.715407,2124692982560,347,mnist,,True,21060340600,21060.340600000927
1770998143.9616592,2124692981792,39,mnist,,True,21047011499,21047.01149999164
1770998143.946485,2124692981264,376,mnist,,True,21062443200,21062.443200004054
1770998144.3026352,2124692982512,31,mnist,,True,21030497200,21030.497200001264
1770998144.4081426,2124692983280,371,mnist,,True,21032861899,21032.861899991985
1770998144.4392807,2124692982608,443,mnist,,True,21032583599,21032.58359999745
1770998144.4697454,2124692980352,126,mnist,,True,21033045600,21033.045600008336
1770998144.6099703,2124692980304,46,mnist,,True,21031880200,21031.880200011074
1770998144.7035449,2124692981936,495,mnist,,True,21077947199,21077.94719999947
1770998144.7531328,2124692981552,111,mnist,,True,21059611799,21059.611799995764
1770998144.7502956,2124692982416,181,mnist,,True,21061973599,21061.973599993507
1770998144.8443213,2124692982368,63,mnist,,True,21044676000,21044.676000004984
1770998145.1689274,2124692980928,236,mnist,,True,21047270199,21047.270199997
1770998166.29751,2124692435328,138,mnist,,True,21041548799,21041.548799999873
1770998166.3584404,2124692434992,97,mnist,,True,21042356200,21042.356200006907
1770998166.4515812,2124692435376,394,mnist,,True,21056979599,21056.979599990882
1770998166.543014,2124690862576,117,mnist,,True,21041835799,21041.835799987894
1770998166.6359031,2124690862672,63,mnist,,True,21027397199,21027.39719999954
1770998166.6828213,2124690861904,369,mnist,,True,21041462500,21041.46250001213
1770998166.7145646,2124690861952,346,mnist,,True,21024261999,21024.261999991722
1770998166.7297356,2124690862288,266,mnist,,True,21024720099,21024.720099987462
1770998166.730643,2124690862000,25,mnist,,True,21024433700,21024.43370000401
1770998166.744974,2124690862528,263,mnist,,True,21024890400,21024.890400003642
1770998166.776197,2124690862384,44,mnist,,True,21023325500,21023.32550000574
1770998166.853795,2124690862240,367,mnist,,True,21022770900,21022.770900002797
1770998166.9005754,2124690862336,484,mnist,,True,21038177400,21038.1774000125
1770998166.9158125,2124690862624,68,mnist,,True,21037680199,21037.68019999552
1770998167.0105364,2124690862048,467,mnist,,True,21036404200,21036.404200000106
1770998167.0258112,2124690862144,434,mnist,,True,21050823600,21050.82360000233
1770998167.0892794,2124690862096,37,mnist,,True,21032922599,21032.922599988524
1770998167.1053307,2124690862192,403,mnist,,True,21031805499,21031.805499995244
1770998167.2614033,2124690862432,367,mnist,,True,21035650399,21035.650399993756
1770998167.2593966,2124690862720,76,mnist,,True,21046987800,21046.987800000352
1770998167.367446,2124690861856,182,mnist,,True,21047149799,21047.149799996987
1770998167.39846,2124690862480,120,mnist,,True,21046590399,21046.5903999866
1770998167.490979,2124694744960,455,mnist,,True,21048076699,21048.076699997182
1770998167.5220618,2124694745824,51,mnist,,True,21062695100,21062.695100001292
1770998167.583627,2124694745392,296,mnist,,True,21048350700,21048.35070000263
1770998167.6466293,2124694745680,309,mnist,,True,21047049200,21047.04920000222
1770998167.6922934,2124694745776,69,mnist,,True,21062022600,21062.02260000282
1770998167.7224348,2124694745440,407,mnist,,True,21063692099,21063.692099996842
1770998167.8006914,2124694745488,192,mnist,,True,21048529200,21048.52920000849
1770998167.7987761,2124694745008,390,mnist,,True,21050646899,21050.646899995627
1770998167.830711,2124694745584,288,mnist,,True,21048856499,21048.856499997783
1770998167.8459709,2124694745728,180,mnist,,True,21033901300,21033.9013000048
1770998167.9077754,2124694745632,46,mnist,,True,21049041499,21049.041499994928
1770998167.9266071,2124694745056,268,mnist,,True,21046362299,21046.362299995963
1770998167.9232185,2124694745104,140,mnist,,True,21049289300,21049.289300004602
1770998167.9547749,2124694745152,87,mnist,,True,21048956400,21048.95640000177
1770998167.9577882,2124694745200,142,mnist,,True,21046412199,21046.412199997576
1770998167.9702888,2124694745248,416,mnist,,True,21064888099,21064.888099994278
1770998168.0013018,2124694745296,87,mnist,,True,21049369599,21049.369599990314
1770998168.1098409,2124694745536,472,mnist,,True,21051471300,21051.47130000114
1770998168.139937,2124694745344,237,mnist,,True,21035955999,21035.95599999244
1770998168.1878643,2124726589664,347,mnist,,True,21051034599,21051.034599993727
1770998168.3133855,2124726589760,39,mnist,,True,21034186500,21034.186500008218
1770998168.311389,2124726589328,376,mnist,,True,21037164199,21037.16419999546
1770998168.4790568,2124726589520,31,mnist,,True,21023315900,21023.3159000054
1770998168.541349,2124726589568,371,mnist,,True,21038752500,21038.75250001147
1770998168.5443645,2124726589808,443,mnist,,True,21036656600,21036.65660000115
1770998168.572285,2124726589184,126,mnist,,True,21038752899,21038.752899999963
1770998168.6329017,2124726589040,46,mnist,,True,21023993499,21023.99349999905
1770998168.679518,2124726589280,495,mnist,,True,21024706100,21024.706100011826
1770998168.7141104,2124726588944,111,mnist,,True,21037115800,21037.115800005267
1770998168.7101097,2124726589088,181,mnist,,True,21042037899,21042.03789999883
1770998168.7551842,2124726589232,63,mnist,,True,21025872199,21025.872199999867
1770998168.910055,2124726589376,236,mnist,,True,21042386399,21042.386399989482
1770998168.9714077,2124726589136,192,mnist,,True,21058584400,21058.584400001564
1770998169.017506,2124726588992,119,mnist,,True,21045592900,21045.592900001793
1770998169.2830973,2124726589712,496,mnist,,True,21045375500,21045.37550000532
1770998169.3286872,2124726589424,327,mnist,,True,21046381899,21046.381899999687
1770998169.3580732,2124726589472,318,mnist,,True,21047631699,21047.63169999933
1770998169.389259,2124726589616,301,mnist,,True,21047750500,21047.75050000171
1770998169.4360228,2124694746720,143,mnist,,True,21063086399,21063.0863999977
1770998169.4520507,2124694746336,102,mnist,,True,21047462100,21047.46210000303
1770998169.5131125,2124694746192,236,mnist,,True,21047325899,21047.325899999123
1770998169.5287757,2124694746096,83,mnist,,True,21047248200,21047.248200004105
1770998169.606709,2124694746768,338,mnist,,True,21049202299,21049.202299996978
1770998169.7583356,2124694746288,150,mnist,,True,21052479399,21052.4793999939
1770998169.8197687,2124694746240,288,mnist,,True,21052196500,21052.196500007994
1770998169.82171,2124694746576,81,mnist,,True,21066609499,21066.60949999059
1770998169.8665473,2124694746864,242,mnist,,True,21052930899,21052.93089999759
1770998169.9145236,2124694746144,10,mnist,,True,21051954900,21051.954900001874
1770998170.0998645,2124694746528,313,mnist,,True,21038864199,21038.864199988893
1770998170.2060666,2124694746816,421,mnist,,True,21040530700,21040.53070000373
1770998170.237803,2124694746000,359,mnist,,True,21024189300,21024.189300005673
1770998170.270308,2124694746480,195,mnist,,True,21022438500,21022.438500003773
1770998170.2418537,2124694746048,413,mnist,,True,21051247700,21051.247700001113
1770998170.2674305,2124694746384,432,mnist,,True,21040268900,21040.268900003866
1770998170.298374,2124694746432,440,mnist,,True,21040695299,21040.695299991057
1770998170.4996705,2124694746624,61,mnist,,True,21040666199,21040.666199987754
1770998170.5139918,2124694746672,86,mnist,,True,21041949999,21041.949999998906
1770998170.5464034,2124725966496,340,mnist,,True,21041617800,21041.617800001404
1770998170.6073816,2124725966256,213,mnist,,True,21059048100,21059.04810001084
1770998170.7156196,2124725966400,379,mnist,,True,21043482599,21043.482599998242
1770998170.8523898,2124725965728,247,mnist,,True,21032499100,21032.499100008863
1770998170.837734,2124725966448,229,mnist,,True,21047938099,21047.93809998955
1770998170.8998384,2124725965968,78,mnist,,True,21032453899,21032.453899999382
1770998170.9940927,2124725966016,178,mnist,,True,21029250899,21029.25089999917
1770998171.0242262,2124725965680,312,mnist,,True,21029836599,21029.83659999154
1770998171.1496434,2124725965872,335,mnist,,True,21042681199,21042.68119999324
1770998171.2877102,2124725966352,34,mnist,,True,21046161500,21046.161500009475
1770998171.2897086,2124725966112,348,mnist,,True,21044349600,21044.34960000799
1770998171.302929,2124725966304,308,mnist,,True,21046287999,21046.28799999773
1770998171.304942,2124725966064,251,mnist,,True,21044884199,21044.88419998961
1770998171.393883,2124725965920,13,mnist,,True,21050228399,21050.22839999583
1770998192.8918266,2124692987312,138,mnist,,True,21043873400,21043.873400005396
1770998192.9320066,2124692987600,97,mnist,,True,21034571199,21034.571199998027
1770998192.9736235,2124692987360,394,mnist,,True,21022577900,21022.577900002943
1770998193.0218883,2124692987408,117,mnist,,True,21021936799,21021.936799996183
1770998193.0829976,2124692989472,369,mnist,,True,21023172200,21023.17220000259
1770998193.0671418,2124692986784,63,mnist,,True,21039389700,21039.389700003085
1770998193.1000576,2124692987648,346,mnist,,True,21021872800,21021.87280000362
1770998193.1150064,2124692989232,266,mnist,,True,21036510300,21036.51030000765
1770998193.1160123,2124692986736,25,mnist,,True,21036063799,21036.063799998374
1770998193.1200943,2124692987984,263,mnist,,True,21032319600,21032.31960000994
1770998193.1300137,2124692988944,44,mnist,,True,21022179599,21022.17959999689
1770998193.191764,2124692986976,484,mnist,,True,21021124999,21021.1249999993
1770998193.1770246,2124692989136,367,mnist,,True,21036388100,21036.38810000848
1770998193.206799,2124692987024,68,mnist,,True,21021122799,21021.1227999971
1770998193.2549243,2124692987456,434,mnist,,True,21034990599,21034.990599990124
1770998193.2538276,2124692989328,467,mnist,,True,21036006100,21036.006100010127
1770998193.286157,2124692989376,37,mnist,,True,21034275800,21034.275800004252
1770998193.3002763,2124692986592,403,mnist,,True,21034877500,21034.87750000204
1770998193.3759272,2124692987072,76,mnist,,True,21035161499,21035.16149999632
1770998193.3779216,2124692987504,367,mnist,,True,21032917899,21032.91789999639
1770998193.4368722,2124692988512,182,mnist,,True,21021445300,21021.445300008054
1770998193.4520817,2124692987552,120,mnist,,True,21037651000,21037.651000006008
1770998193.4833455,2124692988032,455,mnist,,True,21021226800,21021.226800003205
1770998193.513821,2124692987120,51,mnist,,True,21021085699,21021.08569999109
1770998193.5296612,2124692988320,296,mnist,,True,21020557600,21020.557600000757
1770998193.560099,2124692988176,309,mnist,,True,21020545299,21020.54529999441
1770998193.5906053,2124692988608,69,mnist,,True,21036404800,21036.404800004675
1770998193.606183,2124692988560,407,mnist,,True,21036303400,21036.303400003817
1770998193.6601546,2124692986448,288,mnist,,True,21028969899,21028.96989999863
1770998193.666251,2124692988128,180,mnist,,True,21022970799,21022.970799996983
1770998193.6517446,2124692987696,390,mnist,,True,21037018600,21037.018600007286
1770998193.6551611,2124692989424,192,mnist,,True,21034120600,21034.120600001188
1770998193.6971793,2124692986688,46,mnist,,True,21021712699,21021.71269999235
1770998193.7126992,2124692988080,140,mnist,,True,21021250100,21021.250100006
1770998193.7147074,2124692988656,268,mnist,,True,21034663800,21034.663800004637
1770998193.7157469,2124692988368,87,mnist,,True,21033275299,21033.275299996603
1770998193.7211986,2124692988416,142,mnist,,True,21028449600,21028.44960000948
1770998193.728637,2124692987840,416,mnist,,True,21021084499,21021.084499996505
1770998193.7438703,2124692988464,87,mnist,,True,21020798099,21020.7980999985
1770998193.806079,2124692989184,472,mnist,,True,21021356900,21021.35690000432
1770998193.8225944,2124692988704,237,mnist,,True,21037043000,21037.043000003905
1770998193.8375943,2124692988224,347,mnist,,True,21021695699,21021.69569999387
1770998193.9027417,2124692988800,39,mnist,,True,21033509999,21033.50999999384
1770998193.9011824,2124692988752,376,mnist,,True,21035580700,21035.580700001447
1770998193.9942267,2124692988848,31,mnist,,True,21033127599,21033.12759999244
1770998194.0099173,2124692988992,371,mnist,,True,21033563899,21033.563899996807
1770998194.0263062,2124692989088,126,mnist,,True,21032924500,21032.92450000299
1770998194.0263062,2124692989040,443,mnist,,True,21033732099,21033.732099996996
1770998194.0721412,2124692992400,46,mnist,,True,21033579700,21033.5797000007
1770998194.104125,2124692992448,181,mnist,,True,21032311100,21032.311100003426
1770998194.1071281,2124692989664,111,mnist,,True,21030034099,21030.034099996556
1770998194.0881143,2124692990288,495,mnist,,True,21049187299,21049.187299999176
1770998194.1189597,2124692990096,63,mnist,,True,21048956399,21048.95639998722
1770998194.1971393,2124692990384,236,mnist,,True,21031298200,21031.29820000322
1770998194.2273953,2124692991200,192,mnist,,True,21047198200,21047.19820000173
1770998194.2590353,2124692992352,119,mnist,,True,21032019000,21032.019000005675
1770998194.3958325,2124692992496,496,mnist,,True,21033245200,21033.245200000238
1770998194.4119883,2124692990672,327,mnist,,True,21036905400,21036.90540000389
1770998194.4270475,2124692990192,318,mnist,,True,21033602600,21033.60260000045
1770998194.4428196,2124692991104,301,mnist,,True,21032892999,21032.892999995966
1770998194.4759011,2124692990000,102,mnist,,True,21031003900,21031.00390000327
1770998194.472896,2124692991056,143,mnist,,True,21033711600,21033.71160000097
1770998194.5040548,2124692990048,236,mnist,,True,21033028399,21033.028399993782
1770998194.5198307,2124692991776,83,mnist,,True,21032910800,21032.910800000536
1770998194.5494666,2124692991536,338,mnist,,True,21033322200,21033.322200004477
1770998194.6261928,2124692991008,150,mnist,,True,21032082699,21032.082699995954
1770998194.6573317,2124692991344,288,mnist,,True,21031769599,21031.76959999837
1770998194.67226,2124692990240,242,mnist,,True,21032413000,21032.41300000809
1770998194.6602895,2124692991920,81,mnist,,True,21044737200,21044.73720000533
1770998194.7042549,2124692990720,10,mnist,,True,21046201200,21046.20120000618
1770998194.795743,2124692992304,313,mnist,,True,21032892199,21032.892199989874
1770998194.8411658,2124692991584,421,mnist,,True,21032879799,21032.879799997318
1770998194.8721032,2124692991152,359,mnist,,True,21033195199,21033.195199997863
1770998194.8729749,2124692989568,413,mnist,,True,21048319399,21048.319399997126
1770998194.8799775,2124692991392,195,mnist,,True,21041052300,21041.052300002775
1770998194.874971,2124692991248,432,mnist,,True,21046300900,21046.300900008646
1770998194.903226,2124692989808,440,mnist,,True,21033184400,21033.184400002938
1770998194.9968097,2124692991296,61,mnist,,True,21033624299,21033.62429999106
1770998195.0120468,2124692989904,86,mnist,,True,21033083900,21033.083900008933
1770998195.0274076,2124692991440,340,mnist,,True,21033500400,21033.50040000805
1770998195.0586765,2124692989952,213,mnist,,True,21033605199,21033.605199991143
1770998195.104087,2124692990432,379,mnist,,True,21034161100,21034.161100003985
1770998195.163998,2124692990144,229,mnist,,True,21033907699,21033.907699995325
1770998195.1793628,2124692991488,247,mnist,,True,21033619100,21033.619100009673
1770998195.1945388,2124692991824,78,mnist,,True,21033346299,21033.34629999881
1770998195.2415903,2124692992544,178,mnist,,True,21047698900,21047.698900001706
1770998195.2567291,2124692990480,312,mnist,,True,21032998299,21032.998299997416
1770998195.316273,2124692990768,335,mnist,,True,21034609000,21034.609000009368
1770998195.3941379,2124692989856,34,mnist,,True,21045814700,21045.814700002666
1770998195.400182,2124692990336,308,mnist,,True,21040461799,21040.461799988407
1770998195.3951344,2124692991632,348,mnist,,True,21045662599,21045.662599994102
1770998195.4032736,2124692990528,251,mnist,,True,21037809599,21037.809599991306
1770998195.4391282,2124692990576,13,mnist,,True,21031679699,21031.679699997767
1770998195.4689357,2124692991728,273,mnist,,True,21033340299,21033.34029999678
1770998195.5150933,2124692991872,344,mnist,,True,21048747199,21048.747199994978
1770998195.5292354,2124692991968,366,mnist,,True,21034518999,21034.518999993452
1770998195.532326,2124692990624,481,mnist,,True,21046164200,21046.16420000093
1770998195.5597677,2124692992160,124,mnist,,True,21033880000,21033.880000002682
1770998195.5627801,2124692992016,243,mnist,,True,21031543299,21031.543299992336
1770998195.5754142,2124692989616,363,mnist,,True,21033569999,21033.5699999996
1770998195.578426,2124692990816,44,mnist,,True,21034925799,21034.92579999147
1770998195.5907621,2124692990864,399,mnist,,True,21034044500,21034.0445000038
1770998195.6360066,2124692990912,414,mnist,,True,21034121200,21034.121200005757
1770998195.6390073,2124692989520,201,mnist,,True,21047538699,21047.538699989673
1770998195.6510327,2124692990960,265,mnist,,True,21035295499,21035.29549999803
1770998195.6814227,2124692991680,376,mnist,,True,21050111000,21050.111000004108
1770998195.6966424,2124692989712,94,mnist,,True,21035155999,21035.155999998096
1770998195.7591388,2124692992064,302,mnist,,True,21049842100,21049.84210000839
1770998195.7741394,2124692992112,27,mnist,,True,21035115899,21035.115899998345
1770998195.8351104,2124692992208,173,mnist,,True,21037277600,21037.27760000038
1770998195.8655732,2124692992256,89,mnist,,True,21034866899,21034.866899994086
1770998195.8814273,2124692989760,224,mnist,,True,21019627100,21019.627100002253
1770998195.97421,2124692994320,112,mnist,,True,21033655100,21033.65510000731
1770998195.97724,2124692994752,111,mnist,,True,21030044099,21030.04409999994
1770998196.0195622,2124692994656,247,mnist,,True,21034462499,21034.46249999979
1770998196.0345256,2124692993504,127,mnist,,True,21035137799,21035.13779999048
1770998196.0494869,2124692995520,449,mnist,,True,21034538599,21034.538599997177
1770998196.064528,2124692992640,61,mnist,,True,21034505899,21034.505899995565
1770998196.065797,2124692994608,288,mnist,,True,21033682200,21033.682200009935
1770998196.1576812,2124692994080,469,mnist,,True,21034538799,21034.5387999987
1770998196.172379,2124692994416,469,mnist,,True,21036064600,21036.064600004465
1770998196.2028534,2124692994992,325,mnist,,True,21020881699,21020.88169999479
1770998196.232762,2124692993264,494,mnist,,True,21036754899,21036.754899992957
1770998196.233739,2124692993744,367,mnist,,True,21035681599,21035.681599998497
1770998196.2487385,2124692995376,160,mnist,,True,21035986599,21035.98659999261
1770998196.2638817,2124692994704,143,mnist,,True,21036754700,21036.754700005986
1770998196.2793682,2124692994128,431,mnist,,True,21038167200,21038.167200007592
1770998196.2949321,2124692992688,193,mnist,,True,21036974999,21036.974999995437
1770998196.3406916,2124692994464,8,mnist,,True,21022146600,21022.146600007545
1770998196.3257065,2124692994224,202,mnist,,True,21051739100,21051.739100003033
1770998196.3557804,2124692992880,301,mnist,,True,21037529699,21037.52969999914
1770998196.3864665,2124692994368,380,mnist,,True,21038251000,21038.251000005403
1770998196.4472268,2124692992976,496,mnist,,True,21037970199,21037.970199991832
1770998196.4504266,2124692993024,114,mnist,,True,21035151599,21035.151599993696
1770998196.4483314,2124692994176,376,mnist,,True,21051617600,21051.617600009195
1770998196.4564223,2124692993552,388,mnist,,True,21044240200,21044.240200004424
1770998196.4803529,2124692994272,390,mnist,,True,21034794399,21034.794399995008
1770998196.4774346,2124692993072,496,mnist,,True,21052839700,21052.83970000164
1770998196.5722094,2124692995568,282,mnist,,True,21034939099,21034.93909999088
1770998196.5690556,2124692994848,172,mnist,,True,21037287900,21037.28790000605
1770998196.5831168,2124692994512,201,mnist,,True,21039115100,21039.11510000762
1770998196.5771496,2124692993600,10,mnist,,True,21044913400,21044.913400008227
1770998196.5801973,2124692993840,225,mnist,,True,21044200799,21044.20079999545
1770998196.6919193,2124692993312,152,mnist,,True,21055737799,21055.73779999395
1770998196.694983,2124692992736,12,mnist,,True,21052398399,21052.398399988306
1770998196.7242002,2124692994800,454,mnist,,True,21051475800,21051.4758000063
1770998196.7392027,2124692993168,379,mnist,,True,21051571900,21051.57190001046
1770998196.7262018,2124692993648,250,mnist,,True,21065079400,21065.07940001029
1770998196.7282028,2124692993120,430,mnist,,True,21063011400,21063.01140000869
1770998196.7677438,2124692994560,323,mnist,,True,21068155300,21068.155300003127
1770998196.814155,2124692992784,80,mnist,,True,21068457200,21068.45720000274
1770998196.8610027,2124692994944,429,mnist,,True,21037736500,21037.73650000221
1770998196.8599913,2124692994896,499,mnist,,True,21053939100,21053.939100005664
1770998196.8938878,2124692995088,71,mnist,,True,21020830900,21020.830900000874
1770998196.8910792,2124692995040,150,mnist,,True,21038909900,21038.90990000218
1770998196.9227204,2124692993216,418,mnist,,True,21022206300,21022.20630001102
1770998196.9705927,2124692995136,469,mnist,,True,21060872699,21060.872699992615
1770998196.9855862,2124692995280,35,mnist,,True,21046184000,21046.18400000618
1770998196.9885855,2124692995424,280,mnist,,True,21045960899,21045.960899995407
1770998196.9875836,2124692995184,182,mnist,,True,21047392499,21047.39249999693
1770998197.0914235,2124692995232,150,mnist,,True,21038009899,21038.009899988538
1770998197.1071522,2124692993792,418,mnist,,True,21037218600,21037.218600002234
1770998197.123032,2124692993696,462,mnist,,True,21037308500,21037.308500002837
1770998197.123032,2124692995328,71,mnist,,True,21037706599,21037.706599992816
1770998197.1377804,2124692993888,175,mnist,,True,21038422400,21038.422400000854
1770998197.1437528,2124692995616,366,mnist,,True,21048378500,21048.378500010585
1770998197.1396568,2124692995472,332,mnist,,True,21052991799,21052.991799995652
1770998197.1842532,2124692992592,263,mnist,,True,21023769700,21023.769700012053
1770998197.2439797,2124692993936,197,mnist,,True,21026623199,21026.62319999945
1770998197.291222,2124692993360,327,mnist,,True,21040578100,21040.578100000857
1770998197.3244002,2124692993456,424,mnist,,True,21022920199,21022.92019999004
1770998197.30561,2124692992928,361,mnist,,True,21041404300,21041.404300005524
1770998197.323304,2124692993408,237,mnist,,True,21024474199,21024.474199992255
1770998197.3210478,2124692993984,323,mnist,,True,21026609499,21026.609499996994
1770998197.291222,2124692992832,344,mnist,,True,21056827299,21056.827299995348
1770998197.3518112,2124692994032,191,mnist,,True,21026013400,21026.013400012744
1770998197.3977509,2124692997392,289,mnist,,True,21011134900,21011.134900007164
1770998197.4747899,2124692997824,7,mnist,,True,21026546399,21026.546399996732
1770998197.4886277,2124692995712,374,mnist,,True,21027192900,21027.192900000955
1770998197.5194254,2124692997104,315,mnist,,True,21056759099,21056.75909999991
1770998197.564548,2124692995760,28,mnist,,True,21027632600,21027.632600002107
1770998197.5675466,2124692997680,207,mnist,,True,21024357000,21024.357000002055
1770998197.5495677,2124692998448,150,mnist,,True,21042849399,21042.84939999343
1770998197.6100323,2124692997152,191,mnist,,True,21046772800,21046.772800007602
1770998197.7322571,2124692997488,447,mnist,,True,21030249000,21030.249000003096
1770998197.7341518,2124692998064,30,mnist,,True,21028793799,21028.793799996492
1770998197.7621503,2124692996960,246,mnist,,True,21047719599,21047.719599999255
1770998197.8086889,2124692997584,0,mnist,,True,21046220400,21046.22040000686
1770998197.8398557,2124692996672,248,mnist,,True,21061210200,21061.21020000137
1770998197.9300375,2124692997728,406,mnist,,True,21033879100,21033.87910001038
1770998197.9460418,2124692997200,198,mnist,,True,21034784600,21034.784600007697
1770998197.9648376,2124692997536,229,mnist,,True,21045562500,21045.562500003143
1770998197.9608388,2124692997296,23,mnist,,True,21049582999,21049.582999999984
1770998197.9598672,2124692995808,435,mnist,,True,21050505100,21050.505100007285
1770998197.990799,2124692995952,393,mnist,,True,21050131700,21050.131700001657
1770998198.0060613,2124692997440,35,mnist,,True,21035071099,21035.07109999191
1770998198.0987196,2124692996048,156,mnist,,True,21051565199,21051.565199988545
1770998198.124751,2124692996912,391,mnist,,True,21041817400,21041.817400007858
1770998198.1207519,2124692997344,380,mnist,,True,21046222899,21046.222899996792
1770998198.1152265,2124692997248,363,mnist,,True,21051730400,21051.730400009546
1770998198.145153,2124692996096,103,mnist,,True,21036880800,21036.880800005747
1770998198.1904144,2124692997632,422,mnist,,True,21038394800,21038.394800008973
1770998198.2825596,2124692997920,250,mnist,,True,21041406200,21041.40620000544
1770998198.3147876,2124692998640,241,mnist,,True,21039391099,21039.391099999193
1770998198.3287911,2124692996576,157,mnist,,True,21041104700,21041.104700008873
1770998198.3751197,2124692997008,50,mnist,,True,21041238099,21041.23809999146
1770998198.419852,2124692996000,390,mnist,,True,21042131299,21042.13129999698
1770998198.435244,2124692997776,161,mnist,,True,21042873099,21042.87309999927
1770998198.466742,2124692996144,436,mnist,,True,21059463800,21059.46380000387
1770998198.4826453,2124692996192,484,mnist,,True,21043913000,21043.91300000134
1770998198.5132477,2124692997872,304,mnist,,True,21028662800,21028.662800003076
1770998198.5274937,2124692995904,107,mnist,,True,21029761099,21029.761099998723
1770998198.5421789,2124692997968,146,mnist,,True,21045813000,21045.813000004273
1770998198.6028636,2124692996240,329,mnist,,True,21030699599,21030.699599999934
1770998198.6038663,2124692995856,31,mnist,,True,21046124300,21046.124300002703
1770998198.6089346,2124692998208,360,mnist,,True,21056472500,21056.472500000382
1770998198.6643236,2124692996288,280,mnist,,True,21033666700,21033.666700008325
1770998198.7234461,2124692996816,398,mnist,,True,21036079299,21036.079299999983
1770998198.7544525,2124692998016,82,mnist,,True,21036429100,21036.429100000532
1770998198.7564461,2124692995664,166,mnist,,True,21035108399,21035.108399999444
1770998198.7855518,2124692998112,397,mnist,,True,21035470499,21035.47049999179
1770998198.7904515,2124692998256,274,mnist,,True,21031004400,21031.004400007077
1770998198.7884533,2124692998160,287,mnist,,True,21048612800,21048.612800004776
1770998198.8004475,2124692996336,254,mnist,,True,21036890900,21036.890900009894
1770998198.8622296,2124692996864,471,mnist,,True,21051684799,21051.68479999702
1770998198.8943,2124692998352,422,mnist,,True,21035283999,21035.283999997773
1770998198.893281,2124692998304,267,mnist,,True,21037124399,21037.124399997992
1770998198.9243734,2124692996384,254,mnist,,True,21052203399,21052.203399987775
1770998198.9547489,2124692996432,160,mnist,,True,21036336799,21036.336799996207
1770998198.9578366,2124692998400,350,mnist,,True,21034210000,21034.210000012536
1770998199.0159457,2124692996480,265,mnist,,True,21036750100,21036.750100000063
1770998199.030016,2124692998496,147,mnist,,True,21037645300,21037.64530000626
1770998199.1084476,2124692996528,338,mnist,,True,21020455399,21020.455399993807
1770998199.1226861,2124692996624,470,mnist,,True,21037072500,21037.072500010254
1770998199.1531487,2124692998544,232,mnist,,True,21038728300,21038.72830000182
1770998199.154109,2124692996720,459,mnist,,True,21038057999,21038.057999990997
1770998199.1845098,2124692996768,477,mnist,,True,21022648799,21022.648799989838
1770998199.2154694,2124692997056,329,mnist,,True,21038198300,21038.198300011572
1770998199.2185297,2124692998592,210,mnist,,True,21035413599,21035.41359999508
1770998199.220492,2124692998688,12,mnist,,True,21034150999,21034.150999999838
1770998199.2616074,2124693000176,220,mnist,,True,21054359200,21054.35920000309
1770998199.308233,2124692999360,410,mnist,,True,21040373800,21040.37380000227
1770998199.3231895,2124692999072,448,mnist,,True,21040064799,21040.06479999225
1770998199.3407912,2124693001184,48,mnist,,True,21037648400,21037.648400000762
1770998199.3387988,2124692999408,136,mnist,,True,21040493600,21040.49360001227
1770998199.3692322,2124693000224,420,mnist,,True,21025237599,21025.237599998945
1770998199.3832214,2124693000368,235,mnist,,True,21026329000,21026.32900000026
1770998199.4294007,2124693001568,246,mnist,,True,21041802499,21041.802499996265
1770998199.445006,2124693000416,481,mnist,,True,21041887700,21041.887700004736
1770998199.4460096,2124692999120,134,mnist,,True,21041680099,21041.680099995574
1770998199.4510164,2124693000032,38,mnist,,True,21037474599,21037.474599987036
1770998199.4794815,2124693000272,120,mnist,,True,21038533700,21038.533700004336
1770998199.4764357,2124693001424,305,mnist,,True,21056920500,21056.920500006527
1770998199.5226862,2124692998784,231,mnist,,True,21025118100,21025.118100005784
1770998199.5236962,2124692999648,238,mnist,,True,21039408299,21039.408299999195
1770998199.5246925,2124693000512,115,mnist,,True,21039324599,21039.324599987594
1770998199.5531309,2124693000464,333,mnist,,True,21040731900,21040.731900007813
1770998199.5839636,2124693000320,347,mnist,,True,21057321600,21057.321600004798
1770998199.5999,2124693000800,15,mnist,,True,21042059200,21042.05920000095
1770998199.5880105,2124693001232,332,mnist,,True,21054691900,21054.6919000044
1770998199.5988219,2124692999696,79,mnist,,True,21043405500,21043.405500007793
1770998199.629543,2124693000560,238,mnist,,True,21043063099,21043.06309999083
1770998199.6325643,2124692999456,436,mnist,,True,21040318600,21040.318600003957
1770998199.6586761,2124692999840,382,mnist,,True,21044150499,21044.150499990792
1770998199.6606698,2124693001520,387,mnist,,True,21057399500,21057.39950000134
1770998199.704656,2124693000608,226,mnist,,True,21014320699,21014.320699992822
1770998199.8101919,2124693000752,166,mnist,,True,21033112000,21033.11200000462
1770998199.8399446,2124693000080,159,mnist,,True,21034338199,21034.338199999183
1770998199.8429074,2124692999312,42,mnist,,True,21031906599,21031.906599993818
1770998199.8549013,2124692999600,202,mnist,,True,21051147499,21051.14749999484
1770998199.8862362,2124693001040,345,mnist,,True,21064451199,21064.451199999894
1770998199.9178026,2124692998976,53,mnist,,True,21048186799,21048.186799991527
1770998199.948018,2124692998832,352,mnist,,True,21054120700,21054.120700006024
1770998199.9512298,2124693001280,166,mnist,,True,21051795500,21051.795500010485
1770998199.9634311,2124692999264,152,mnist,,True,21050108900,21050.10890000267
1770998200.0248873,2124692999888,222,mnist,,True,21034765900,21034.765900010825
1770998200.0278554,2124693000848,454,mnist,,True,21032332800,21032.33280000859
1770998200.0701113,2124692998736,244,mnist,,True,21051859900,21051.859900006093
1770998200.086553,2124693000656,34,mnist,,True,21035906100,21035.906100005377
1770998200.1315784,2124693000704,438,mnist,,True,21036797499,21036.797499997192
1770998200.1153479,2124693000992,420,mnist,,True,21052642299,21052.642299997387
1770998200.1792245,2124692999936,483,mnist,,True,21035113599,21035.113599995384
1770998200.1772308,2124692999504,262,mnist,,True,21052813100,21052.813100002822
1770998200.222218,2124693000896,297,mnist,,True,21039017999,21039.01799999585
1770998200.3140752,2124693001088,223,mnist,,True,21056504500,21056.504500011215
1770998200.3588905,2124692999216,35,mnist,,True,21042458600,21042.458600000828
1770998200.4049966,2124692998928,174,mnist,,True,21042768200,21042.768200000864
1770998200.498132,2124693000944,398,mnist,,True,21028627899,21028.627899999265
1770998200.5457575,2124692998880,144,mnist,,True,21026743299,21026.74329999718
1770998200.5447562,2124693001136,162,mnist,,True,21028957499,21028.95749999152
1770998200.542756,2124692999168,446,mnist,,True,21030709600,21030.70960000332
1770998200.5587544,2124692999552,96,mnist,,True,21030785599,21030.785599999945
1770998200.5738564,2124692999744,238,mnist,,True,21031699499,21031.699499988463
1770998200.57299,2124693001328,15,mnist,,True,21032571999,21032.571999996435
1770998200.587804,2124692999792,124,mnist,,True,21032437099,21032.437099987874
1770998200.604722,2124692999984,354,mnist,,True,21031441300,21031.44130000146
1770998200.6952899,2124693000128,147,mnist,,True,21033563899,21033.563899996807
1770998200.7112916,2124693001376,447,mnist,,True,21048524499,21048.524499987252
1770998200.7267148,2124692999024,467,mnist,,True,21033420299,21033.42029999476
1770998200.7417176,2124693001472,81,mnist,,True,21034299899,21034.299899998587
1770998200.772889,2124693001616,265,mnist,,True,21033334599,21033.334599997033
1770998200.7888038,2124693001664,112,mnist,,True,21034077600,21034.07760000846
1770998200.8038356,2124693001712,21,mnist,,True,21033998799,21033.998799990513
1770998200.8225646,2124693003968,418,mnist,,True,21031443800,21031.443800005945
1770998200.819569,2124693001760,494,mnist,,True,21033920499,21033.920499990927
1770998200.8660667,2124693003680,173,mnist,,True,21034203200,21034.203200004413
1770998200.9299047,2124693003008,387,mnist,,True,21047714899,21047.71489999257
1770998200.9319267,2124693003440,265,mnist,,True,21046123499,21046.12349999661
1770998201.024656,2124693004496,410,mnist,,True,21044542599,21044.542599993292
1770998201.0195162,2124693003728,434,mnist,,True,21049995599,21049.99559999851
1770998201.0286663,2124693003824,139,mnist,,True,21041652600,21041.652600004454
1770998201.0505986,2124693004640,349,mnist,,True,21035060700,21035.06070000003
1770998201.0962846,2124693002960,457,mnist,,True,21050696100,21050.696100006462
1770998201.0962846,2124693003488,289,mnist,,True,21051678100,21051.67810000421
1770998201.1262324,2124693003392,156,mnist,,True,21052289600,21052.28960000386
1770998201.1718876,2124693002912,341,mnist,,True,21055162000,21055.162000004202
1770998201.1882396,2124693002816,359,mnist,,True,21054268199,21054.268199994112
1770998201.219522,2124693003200,417,mnist,,True,21053787500,21053.787500000908
1770998201.2652323,2124693001952,274,mnist,,True,21039342399,21039.342399992165
1770998201.2806797,2124693004592,103,mnist,,True,21053989100,21053.98910000804
1770998201.2796743,2124693003248,243,mnist,,True,21055018799,21055.01879999065
1770998201.2847633,2124693004448,68,mnist,,True,21065090000,21065.090000003693
1770998201.3102417,2124693004544,299,mnist,,True,21055423099,21055.423099998734
1770998201.3260224,2124693004688,413,mnist,,True,21040308899,21040.308899988304
1770998201.341175,2124693002000,371,mnist,,True,21040424799,21040.42479999771
1770998201.356317,2124693002384,424,mnist,,True,21055714499,21055.714499991154
1770998201.372386,2124693002672,152,mnist,,True,21039848699,21039.848699991126
1770998201.3870866,2124693003536,189,mnist,,True,21040579699,21040.57969999849
1770998201.4492447,2124693004784,292,mnist,,True,21039939900,21039.939900001627
1770998201.4483578,2124693004736,457,mnist,,True,21055359699,21055.35969999619
1770998201.49415,2124693003056,329,mnist,,True,21040831900,21040.831900012563
1770998201.5273626,2124693002048,446,mnist,,True,21038454000,21038.45400000864
1770998201.554403,2124693002288,86,mnist,,True,21026785100,21026.785100009874
1770998201.539923,2124693002144,289,mnist,,True,21042025899,21042.02589999477
1770998201.5238242,2124693003872,473,mnist,,True,21057624599,21057.624599998235
1770998201.6002324,2124693002336,286,mnist,,True,21042472700,21042.47270000633
1770998201.6332345,2124693002192,371,mnist,,True,21025927000,21025.927000009688
1770998201.6388845,2124693002720,482,mnist,,True,21021380999,21021.380999998655
1770998201.6299381,2124693004064,275,mnist,,True,21029534899,21029.53489999345
1770998201.6409152,2124693004832,446,mnist,,True,21020016199,21020.016199996462
1770998201.6910844,2124693003920,416,mnist,,True,21031161799,21031.16179999779
1770998201.69599,2124693003104,144,mnist,,True,21041685000,21041.68500000378
1770998201.7383926,2124693003584,446,mnist,,True,21047188200,21047.188200012897
1770998201.79898,2124693002528,382,mnist,,True,21048686399,21048.686399997678
1770998201.8294272,2124693001808,267,mnist,,True,21033605100,21033.605100004934
1770998201.8441944,2124693002864,439,mnist,,True,21034488799,21034.488799996325
1770998201.8597915,2124693001904,314,mnist,,True,21034640600,21034.640600002604
1770998201.9207153,2124693003776,175,mnist,,True,21035905899,21035.905899989302
1770998201.9345937,2124693002480,311,mnist,,True,21038709599,21038.709599990398
1770998201.9495976,2124693004016,263,mnist,,True,21068781800,21068.78180000058
1770998201.9515998,2124693001856,88,mnist,,True,21067220900,21067.22090000403
1770998201.9643402,2124693002096,404,mnist,,True,21054276299,21054.276299997582
1770998202.0107338,2124693004112,470,mnist,,True,21038472000,21038.472000000183
1770998202.030068,2124693002768,222,mnist,,True,21049788699,21049.78869999468
1770998202.0255785,2124693002240,86,mnist,,True,21054088499,21054.088499993668
1770998202.0270581,2124693003632,444,mnist,,True,21068957499,21068.95749999967
1770998202.056108,2124693002432,47,mnist,,True,21039997299,21039.99729998759
1770998202.0709116,2124693004160,430,mnist,,True,21040283900,21040.28390000167
1770998202.0905514,2124693004256,143,mnist,,True,21053184600,21053.184600008535
1770998202.0948026,2124693004304,95,mnist,,True,21049559400,21049.559400009457
1770998202.087477,2124693004208,348,mnist,,True,21057417700,21057.417700008955
1770998202.0864713,2124693002576,149,mnist,,True,21058553499,21058.553499999107
1770998202.1160595,2124693002624,143,mnist,,True,21058117699,21058.117699998547
1770998202.117798,2124693003152,188,mnist,,True,21057288699,21057.28869998711
1770998202.1794255,2124693004352,482,mnist,,True,21042160199,21042.16019999876
1770998202.1774285,2124693003296,435,mnist,,True,21044310900,21044.310900004348
1770998202.2225218,2124693003344,399,mnist,,True,21046213900,21046.21390000102
1770998202.283112,2124693004400,442,mnist,,True,21046702899,21046.702899999218
1770998202.2941809,2124693005360,446,mnist,,True,21052194299,21052.194299991243
1770998202.289111,2124693006416,108,mnist,,True,21057186300,21057.186300007743
1770998202.3132014,2124693006560,464,mnist,,True,21049021300,21049.021300001186
1770998202.3288527,2124693005168,192,mnist,,True,21048859500,21048.859500006074
1770998202.3593526,2124693005552,304,mnist,,True,21048310600,21048.31060000288
1770998202.3625686,2124693006704,24,mnist,,True,21046247599,21046.247599995695
1770998202.3901422,2124693005456,269,mnist,,True,21048814500,21048.814500012668
1770998202.4431448,2124693005600,352,mnist,,True,21026796200,21026.796200007084
1770998202.4361184,2124693005216,57,mnist,,True,21033851999,21033.851999993203
1770998202.4673421,2124693005744,120,mnist,,True,21032806899,21032.806899995194
1770998202.4421525,2124693006128,399,mnist,,True,21059142099,21059.142099999008
1770998202.4388914,2124693004928,126,mnist,,True,21062066400,21062.06640000164
1770998202.5436513,2124693005072,437,mnist,,True,21050835400,21050.83540000487
1770998202.5588322,2124693005984,489,mnist,,True,21036065899,21036.065899999812
1770998202.5597415,2124693005648,372,mnist,,True,21035619300,21035.619300004328
1770998202.5887284,2124693006368,398,mnist,,True,21027436100,21027.436100004707
1770998202.6337695,2124693004880,399,mnist,,True,21023001699,21023.00169999944
1770998202.648549,2124693005840,75,mnist,,True,21023870100,21023.870100005297
1770998202.771349,2124693006656,167,mnist,,True,21040304900,21040.3049000015
1770998202.7787912,2124693006224,143,mnist,,True,21033254699,21033.254699999816
1770998202.7737029,2124693004976,420,mnist,,True,21038552799,21038.552799989702
1770998202.8017893,2124693005936,352,mnist,,True,21025334399,21025.33439999388
1770998202.8785267,2124693006176,346,mnist,,True,21027061199,21027.061199987656
1770998202.9397013,2124693006464,98,mnist,,True,21044599999,21044.599999993807
